ts,game_id,langs_top10
2026-09-08T00:21:47Z,509658,en:148733|es:40906|pt:24946|ru:13491|it:11180|fr:6519|de:5791|zh:1864|ja:1568|ko:1050
2026-09-08T00:21:47Z,32982,en:30083|fr:28145|de:17416|pt:12809|es:2097|ru:1568|it:451|nl:202|sv:81|ar:64
2026-09-08T00:21:47Z,21779,en:19256|es:12296|de:11237|pt:6130|fr:2254|ja:1404|ru:677|zh:568|el:495|pl:415
2026-09-08T00:21:47Z,509672,en:35900|pt:34929|es:1723|de:948|ru:862|it:263|ja:183|zh:151|no:106|nl:30
2026-09-08T00:21:47Z,902998079,en:70737|pt:937|zh:803|es:282|fr:188|de:124|ru:120|ar:28|other:17|tr:9
2026-09-08T00:21:47Z,33214,en:47340|es:5568|pt:3737|it:1967|fr:740|ru:322|de:190|ar:125|ja:80|cs:35
2026-09-08T00:21:47Z,31339,en:52328|pt:496|es:482|de:218|ru:124|fr:101|other:76|ja:14|uk:12|it:10
2026-09-08T00:21:47Z,516575,en:21012|fr:7606|pt:7176|de:4307|es:3090|zh:1114|ja:1108|ru:529|pl:439|ar:420
2026-09-08T00:21:47Z,27471,en:21158|fr:4493|pt:4250|es:2042|de:797|bg:437|ja:205|ru:49|ar:44|pl:33
2026-09-08T00:21:47Z,32399,en:16321|pt:9815|ru:2770|es:2288|pl:1139|fr:604|de:392|da:260|el:64|uk:63
2026-09-08T00:21:47Z,498566,de:11206|en:10966|es:6101|pt:5628|fr:678|no:285|fi:263|sv:2
2026-09-08T00:21:47Z,29595,ru:19015|en:5326|pt:5188|es:427|uk:152|de:42|th:8|tr:6|other:6|sv:4
2026-09-08T00:21:47Z,1357871551,en:11206|pt:10473|ru:1602|cs:1401|fr:1140|de:786|es:665|pl:413|ar:248|it:94
2026-09-08T00:21:47Z,29452,pt:21230|es:996|en:491|ru:12
2026-09-08T00:21:47Z,491487,en:12815|ja:2926|pt:2790|es:1890|de:542|ru:453|fr:403|ar:139|zh:84|it:75
2026-09-08T00:21:47Z,602040818,en:22772|de:73|pt:69|fr:49|es:41|tr:7|ar:6|other:2|ja:2|it:1
2026-09-08T00:21:47Z,1264310518,en:18452|ar:2015|es:1138|pt:782|fr:91|ru:73|ja:45|de:6|it:3|other:2
2026-09-08T00:21:47Z,512953,en:17426|ru:4291|de:503|pt:485|es:264|fr:120|ja:59|ar:20|pl:19|tr:3
2026-09-08T00:21:47Z,512710,en:14460|fr:2684|es:1542|pt:1118|de:543|it:160|ar:62|ru:13|pl:2|other:2
2026-09-08T00:21:47Z,511224,en:18401|ja:852|es:725|zh:351|fr:277|pt:154|ru:128|de:57|it:32|ar:18
2026-09-08T00:21:47Z,13332,en:18525|it:2417|pt:65|fr:45|es:38|de:7|ja:2
2026-09-08T00:21:47Z,513143,en:12397|fr:3919|ja:2863|pt:721|es:466|de:340|zh:273|ar:166|ru:54|tr:11
2026-09-08T00:21:47Z,18122,en:14192|pt:1245|de:863|es:781|ru:671|fr:274|ro:64|other:40|el:32|cs:17
2026-09-08T00:21:47Z,1702520304,en:14616|ru:2379|pt:1324|es:525|ja:177|de:143|zh:64|fr:48|ro:47|th:36
2026-09-08T00:21:47Z,515025,en:12056|ja:1155|pt:966|es:781|ar:165|fr:164|de:106|zh:105|ru:97|it:73
2026-09-08T00:21:47Z,491931,en:13137|ja:1142|ru:465|it:290|de:274|pt:216|es:116|fr:59|pl:32|bg:15
2026-09-08T00:21:47Z,499973,en:10725|es:1799|de:1632|fr:1162|ja:293|pt:41|bg:27|ru:5|nl:3|ar:2
2026-09-08T00:21:47Z,460630,en:12031|pt:1917|es:154|de:125|fr:85|it:28|ar:22|other:8|pl:6|el:3
2026-09-08T00:21:47Z,1898040946,ru:8476|en:1541|pt:1458|es:88|zh:31|fr:30|de:21|ar:11|th:8|pl:3
2026-09-08T00:21:47Z,458353,en:9316|es:10|pt:6|ru:3
2026-09-08T00:21:47Z,327598602,en:6899|pt:1191|fr:968|zh:764|ru:663|es:243|ja:215|ar:176|de:171|th:84
2026-09-08T00:21:47Z,10609,en:9965|other:720|de:20|es:14|pt:1|fr:1
2026-09-08T00:21:47Z,509660,en:7949|es:855|pt:371|ja:283|zh:127|de:106|fr:74|ru:66|th:48|other:24
2026-09-08T00:21:47Z,509659,en:9660|es:205|ja:159|fr:85|pt:37|ru:33|it:10|de:10|other:1
2026-09-08T00:21:47Z,630009802,en:10199|pt:122|es:13|fr:5|ar:1
2026-09-08T00:21:47Z,210472759,en:10116|no:87|pt:38|bg:14|it:7|fr:7|es:6|de:3
2026-09-08T00:21:47Z,19619,pt:9078|es:589|en:337|pl:31|other:18
2026-09-08T00:21:47Z,493057,en:4819|ru:2981|pt:1694|es:251|uk:48|de:30|el:29|zh:26|ja:19|pl:12
2026-09-08T00:21:47Z,509663,en:5920|de:2834|fr:530|pt:65|es:30|ar:3|tl:1
2026-09-08T00:21:47Z,2132205352,en:8508|ru:578|pt:165|es:64|ja:48|uk:24|ar:7|de:4|pl:3|it:3
2026-09-08T00:21:47Z,417528,en:4051|es:2369|pt:1885|ru:370|pl:78|fr:45|it:38|zh:17|el:16|de:5
2026-09-08T00:21:47Z,1038730744,en:8488
2026-09-08T00:21:47Z,30921,en:3476|fr:2368|pt:1242|es:803|pl:252|de:118|ar:61|it:46|nl:17|da:7
2026-09-08T00:21:47Z,464339927,en:8268|es:709|pt:227|de:211|ru:195|ar:139|fr:114|it:76|pl:20|ja:9
2026-09-08T00:21:47Z,138585,en:4419|ru:973|pt:622|fr:494|ja:330|de:252|zh:223|es:22|ar:2|sk:1
2026-09-08T00:21:47Z,55453844,ja:5341|en:2186|es:215|pt:134|ru:47|zh:16|it:1
2026-09-08T00:21:47Z,27284,en:6164|ru:854|pt:583|es:432|ja:112|other:71|fr:53|de:35|no:1|cs:1
2026-09-08T00:21:47Z,624536948,pt:4161|en:1467|es:602|de:391|fr:277|it:200|uk:9|ar:9|ru:7|tr:5
2026-09-08T00:21:47Z,459931,en:6843|es:72|other:66|fi:33|pt:25
2026-09-08T00:21:47Z,23020,en:4665|es:719|pt:517|el:87|fr:86|pl:39|de:30|ru:19|ar:19|it:18
2026-09-08T00:21:47Z,1441208453,en:4662|es:696|pt:502|de:163|fr:131|ja:83|ru:53|ar:42|zh:29|other:4
2026-09-08T00:21:47Z,26936,en:5121|de:412|pt:147|es:136|ja:56|fr:22|zh:21|uk:16|it:11|other:9
2026-09-08T00:21:47Z,512980,en:6183|pt:139|es:112|ru:11|it:8|fr:8|pl:4
2026-09-08T00:21:47Z,499003,en:6270|pt:57|es:46|fr:32|ru:5|ja:2|de:1
2026-09-08T00:21:47Z,32742,en:6242|it:48
2026-09-08T00:21:47Z,488190,en:4173|pt:1117|es:554|ru:322|zh:117|de:6|fr:3
2026-09-08T00:21:47Z,11557,en:6085|es:99|pt:38|fr:10|de:9
2026-09-08T00:21:47Z,386821,en:4095|pt:1091|zh:355|es:293|ru:170|ja:99|tr:31|th:28|fr:28|de:18
2026-09-08T00:21:47Z,1344678544,en:6038
2026-09-08T00:21:47Z,1742163310,en:5814|es:39
2026-09-08T00:21:47Z,24241,en:5414|ja:257|pt:132|fr:101|es:68|de:53|zh:13|ru:10
2026-09-08T00:21:47Z,68351,en:5629|es:1
2026-09-08T00:21:47Z,1669431183,en:4766|de:577|fr:101|ja:71|es:65|other:14|da:8|fi:4|ru:2|pt:2
2026-09-08T00:21:47Z,499634,en:4955|pt:304|ru:162|es:13|fr:4|de:3|other:2|tr:1
2026-09-08T00:21:47Z,27546,en:4559|es:114|de:107|ru:86|cs:56|ja:45|uk:25|pl:19|pt:17|fr:11
2026-09-08T00:21:47Z,1982936547,en:4953|de:66|pt:64|es:11
2026-09-08T00:21:47Z,272263131,en:4472|zh:226|ja:215|de:38|fr:7|es:6|ru:2|fi:1|other:0|nl:0
2026-09-08T00:21:47Z,518184,en:2289|pt:1173|fr:1006|de:230|es:66|fi:23|ru:14|ja:7|ro:6|uk:1
2026-09-08T00:21:47Z,263490,en:2528|es:466|pt:458|ja:456|ru:367|fr:142|de:124|pl:63|uk:1|zh:0
2026-09-08T00:21:47Z,539102438,en:4825
2026-09-08T00:21:47Z,493959,en:1877|pt:1152|de:338|fr:156|es:83|it:50|ru:18|ar:18|pl:3|th:2
2026-09-08T00:21:47Z,513181,en:3422|pt:561|es:392|ru:152|fr:43|ja:30|it:23|de:23|zh:9|pl:4
2026-09-08T00:21:47Z,498592,en:1360|de:1157|ru:686|zh:442|zh-hk:243|da:168|no:75|pl:73|ar:66|pt:60
2026-09-08T00:21:47Z,670138298,en:3720|other:1
2026-09-08T00:21:47Z,1763263,fr:4187
2026-09-08T00:21:47Z,512923,en:3838|pt:86|ru:47|es:24|zh:13|fr:3|nl:2|de:2|it:1
2026-09-08T00:21:47Z,401587136,en:1649|ar:648|pt:626|ru:624|es:288|de:101|fr:66|ja:16|cs:5|pl:4
2026-09-08T00:21:47Z,29106,en:3782|ru:78|fr:34|de:25|uk:13|pt:2|es:2|zh:0
2026-09-08T00:21:47Z,2012789438,en:3333|fr:156|ar:74|es:47|pt:46|de:30|ja:25|it:4
2026-09-08T00:21:47Z,655697363,en:3893|pt:3|es:3
2026-09-08T00:21:47Z,518203,en:2413|it:1073|de:298|pt:217|es:130|fr:21|zh:1|nl:1
2026-09-08T00:21:47Z,509511,en:2803|de:459|es:231|el:201|tl:37|sv:27|pl:7
2026-09-08T00:21:47Z,1832841853,en:3221|pt:111|de:80|ru:42|es:41|pl:28|it:27|fr:2|zh:1|ar:1
2026-09-08T00:21:47Z,441803813,fr:3214|en:5
2026-09-08T00:21:47Z,1354355809,en:3195|es:10|de:7|pt:1
2026-09-08T00:21:47Z,460951,en:2906|es:163|de:8|ru:7|pt:3|fr:3|other:0
2026-09-08T00:21:47Z,1282866981,en:2203|zh:253|ru:139|es:131|pt:122|ja:96|fr:47|de:33|tr:21|th:4
2026-09-08T00:21:47Z,168648543,en:2709|pt:187|es:120|ru:53|fr:49|da:15|de:10|ar:4|el:3|pl:2
2026-09-08T00:21:47Z,66082,en:2506|ja:217|pt:159|es:115|fr:52|ru:12|hu:9|ar:9|de:7|it:4
2026-09-08T00:21:47Z,1414860634,en:1316|fr:918|it:621|es:82|pt:13|pl:8|ru:6|de:1
2026-09-08T00:21:47Z,116747788,en:2333|pt:24|ru:1|tl:0
2026-09-08T00:21:47Z,1494,en:2186|es:279|pt:134|fr:64|de:52|it:40|ar:9|ja:5|fi:4|nl:3
2026-09-08T00:21:47Z,1036710512,en:2054|pt:179|es:163|de:127|ja:105|fr:89|uk:30|ar:26|ru:11|zh:9
2026-09-08T00:21:47Z,65627,en:2694
2026-09-08T00:21:47Z,65632,en:1988|es:305|fr:163|ru:80|pt:76|de:23|it:16|cs:4|pl:2|ar:2
2026-09-08T00:21:47Z,36799602,fr:1802|en:724|de:57|es:45|pl:11|pt:9|ru:3|ar:0
2026-09-08T00:21:47Z,709941216,en:2638
2026-09-08T00:21:47Z,1910993272,en:1054|es:757|pt:360|ru:114|fr:114|de:23|ar:20|other:2|uk:1|cs:1
2026-09-08T00:21:47Z,500188,en:1748|ru:229|es:145|pt:138|de:51|fr:35|uk:13|ar:11|tr:3|zh:1
2026-09-08T00:21:47Z,66170,en:1756|es:367|pt:149|ru:29|fr:29|de:27|other:8|ja:6|it:2
